{"batch_size": 4, "lr": 0.0053398216651144225, "h1": 4, "h2": 8, "h3": 64, "h4": 4, "h5": 16, "h6": 2, "wd": 0.022238885638817846}