{"batch_size": 4, "lr": 0.0005408458235742098, "h1": 0, "h2": 0, "wd": 0.045209182824666606}