{"batch_size": 8, "lr": 0.002835962467207956, "h1": 16, "h2": 4, "wd": 0.07103937132011254}