{"batch_size": 4, "lr": 0.000571654488707702, "h1": 128, "h2": 64, "wd": 0.00028388967624192764}